{"cameraMode":{"drawMode":0,"name":"Shaded","section":"Shading Mode"},"sceneLighting":false,"audioPlay":false,"sceneViewState":{"m_AlwaysRefresh":false,"showFog":true,"showSkybox":false,"showFlares":true,"showImageEffects":true,"showParticleSystems":true,"showVisualEffectGraphs":true,"m_FxEnabled":true},"in2DMode":false,"pivot":{"x":0.6959887146949768,"y":2.296820878982544,"z":2.5532033443450929},"rotation":{"x":-0.0048463731072843079,"y":-0.98695307970047,"z":-0.06327986717224121,"w":0.15244513750076295},"size":0.000017320508050033823,"orthographic":false}