{"cameraMode":{"drawMode":0,"name":"Shaded","section":"Shading Mode"},"sceneLighting":false,"audioPlay":false,"sceneViewState":{"m_AlwaysRefresh":false,"showFog":true,"showSkybox":false,"showFlares":true,"showImageEffects":true,"showParticleSystems":true,"showVisualEffectGraphs":true,"m_FxEnabled":true},"in2DMode":false,"pivot":{"x":-0.4494587779045105,"y":1.3542639017105103,"z":0.4896617829799652},"rotation":{"x":-0.08253531903028488,"y":-0.8986735343933106,"z":0.18206395208835603,"w":-0.39288538694381716},"size":0.8660253882408142,"orthographic":false}