{"cameraMode":{"drawMode":0,"name":"Shaded","section":"Shading Mode"},"sceneLighting":false,"audioPlay":false,"sceneViewState":{"m_AlwaysRefresh":false,"showFog":true,"showSkybox":false,"showFlares":true,"showImageEffects":true,"showParticleSystems":true,"showVisualEffectGraphs":true,"m_FxEnabled":true},"in2DMode":false,"pivot":{"x":7.677158832550049,"y":1.2010000944137574,"z":-20.173133850097658},"rotation":{"x":0.002726034726947546,"y":0.9786020517349243,"z":-0.2117050290107727,"w":-0.0031422406900674106},"size":2.616151809692383,"orthographic":false}