{"cameraMode":{"drawMode":0,"name":"Shaded","section":"Shading Mode"},"sceneLighting":false,"audioPlay":false,"sceneViewState":{"m_AlwaysRefresh":false,"showFog":true,"showSkybox":false,"showFlares":true,"showImageEffects":true,"showParticleSystems":true,"showVisualEffectGraphs":true,"m_FxEnabled":true},"in2DMode":false,"pivot":{"x":-13.862055778503418,"y":14.510558128356934,"z":4.316838264465332},"rotation":{"x":-0.15271812677383424,"y":-0.7908463478088379,"z":0.21373897790908814,"w":-0.5545150637626648},"size":0.000017320508050033823,"orthographic":false}