{"cameraMode":{"drawMode":0,"name":"Shaded","section":"Shading Mode"},"sceneLighting":false,"audioPlay":false,"sceneViewState":{"m_AlwaysRefresh":false,"showFog":true,"showSkybox":false,"showFlares":true,"showImageEffects":true,"showParticleSystems":true,"showVisualEffectGraphs":true,"m_FxEnabled":true},"in2DMode":false,"pivot":{"x":-7.587398052215576,"y":13.873641967773438,"z":8.367958068847657},"rotation":{"x":-0.143224835395813,"y":-0.8594846725463867,"z":0.3630671501159668,"w":-0.3329964578151703},"size":0.000017328351532341912,"orthographic":false}